"","Quarter","Country","LOCATION","INDICATOR","SUBJECT","MEASURE","FREQUENCY","TIME","Value","Flag.Codes","Date_reported","Country_code","WHO_region","New_cases","Cumulative_cases","New_deaths","Cumulative_deaths","Population","New_cases_pc","Cumulative_cases_pc","New_deaths_pc","Cumulative_deaths_pc","GDP"
"1","Q1.2020","Australia","AUS","HUR","TOT","PC_LF","M","2020-04",6.353878,"","4/3/2020","AU","WPRO",374,5350,5,26,24.99286,1.49643e-05,0.000214061,2.00057e-07,1.0403e-06,"1,233,976"
"2","Q1.2020","Austria","AUT","HUR","TOT","PC_LF","M","2020-04",4.9,"","4/3/2020","AT","EURO",418,11129,12,158,8.837707,4.72973e-05,0.001259263,1.35782e-06,1.78779e-05,"454,026"
"3","Q1.2020","Belgium","BEL","HUR","TOT","PC_LF","M","2020-04",4.9,"","4/3/2020","BE","EURO",1478,20065,219,1828,11.40374,0.000129607,0.00175951,1.92042e-05,0.000160298,"540,442"
"4","Q1.2020","Canada","CAN","HUR","TOT","PC_LF","M","2020-04",13.1,"","4/3/2020","CA","AMRO",1109,10114,22,127,37.058856,2.99254e-05,0.000272917,5.9365e-07,3.42698e-06,"1,708,880"
"5","Q1.2020","Chile","CHL","HUR","TOT","PC_LF","M","2020-04",10.88574,"","4/3/2020","CL","AMRO",373,3404,2,18,18.751405,1.98918e-05,0.000181533,1.06659e-07,9.59928e-07,"442,744"
"6","Q1.2020","Colombia","COL","HUR","TOT","PC_LF","M","2020-04",20.13249,"","4/3/2020","CO","AMRO",159,1065,1,17,49.83424,3.19058e-06,2.13708e-05,2.00665e-08,3.41131e-07,"677,975"
"7","Q1.2020","Czechia","CZE","HUR","TOT","PC_LF","M","2020-04",2.2,"","4/3/2020","CZ","EURO",269,3858,5,44,10.62643,2.53142e-05,0.000363057,4.70525e-07,4.14062e-06,"396,444"
"8","Q1.2020","Denmark","DNK","HUR","TOT","PC_LF","M","2020-04",4.9,"","4/3/2020","DK","EURO",279,3386,19,123,5.789957,4.81869e-05,0.000584806,3.28154e-06,2.12437e-05,"307,870"
"9","Q1.2020","Estonia","EST","HUR","TOT","PC_LF","M","2020-04",6,"","4/3/2020","EE","EURO",79,858,6,11,1.321977,5.9759e-05,0.000649028,4.53866e-06,8.32087e-06,"45,864"
"10","Q1.2020","Finland","FIN","HUR","TOT","PC_LF","M","2020-04",7.3,"","4/3/2020","FI","EURO",72,1518,2,19,5.515525,1.30541e-05,0.000275223,3.62613e-07,3.44482e-06,"248,866"
"11","Q1.2020","France","FRA","HUR","TOT","PC_LF","M","2020-04",7.3,"","4/3/2020","FR","EURO",2066,58327,471,4490,66.941698,3.08627e-05,0.00087131,7.03597e-06,6.70733e-05,"2,734,755"
"12","Q1.2020","Germany","DEU","HUR","TOT","PC_LF","M","2020-04",4,"","4/3/2020","DE","EURO",6174,79696,145,1017,82.914191,7.44625e-05,0.000961186,1.7488e-06,1.22657e-05,"4,078,379"
"13","Q1.2020","Greece","GRC","HUR","TOT","PC_LF","M","2020-04",16.2,"","4/3/2020","GR","EURO",139,1514,3,53,10.725886,1.29593e-05,0.000141154,2.79697e-07,4.94132e-06,"301,354"
"14","Q1.2020","Hungary","HUN","HUR","TOT","PC_LF","M","2020-04",4.1,"","4/3/2020","HU","EURO",38,623,5,26,9.7676,3.89041e-06,6.37823e-05,5.11896e-07,2.66186e-06,"312,275"
"15","Q1.2020","Iceland","ISL","HUR","TOT","PC_LF","M","2020-04",4.8,"","4/3/2020","IS","EURO",99,1319,2,4,0.352722,0.000280674,0.003739489,5.67019e-06,1.13404e-05,"18,315"
"16","Q1.2020","Ireland","IRL","HUR","TOT","PC_LF","M","2020-04",4.7,"","4/3/2020","IE","EURO",402,3849,13,98,4.857015,8.27669e-05,0.000792462,2.67654e-06,2.0177e-05,"417,865"
"17","Q1.2020","Israel","ISR","HUR","TOT","PC_LF","M","2020-04",3.670104,"","4/3/2020","IL","EURO",696,6421,8,29,8.872943,7.84407e-05,0.000723661,9.01617e-07,3.26836e-06,"341,032"
"18","Q1.2020","Italy","ITA","HUR","TOT","PC_LF","M","2020-04",7.4,"","4/3/2020","IT","EURO",4668,115242,760,13917,60.421797,7.72569e-05,0.001907292,1.25782e-05,0.000230331,"2,203,389"
"19","Q1.2020","Japan","JPN","HUR","TOT","PC_LF","M","2020-04",2.6,"","4/3/2020","JP","WPRO",233,2617,8,65,126.44318,1.84272e-06,2.0697e-05,6.32695e-08,5.14065e-07,"5,273,365"
"20","Q1.2020","Latvia","LVA","HUR","TOT","PC_LF","M","2020-04",8.2,"","4/3/2020","LV","EURO",12,458,0,0,1.92717,6.22675e-06,0.000237654,0,0,"54,429"
"21","Q1.2020","Liechtenstein","LTU","HUR","TOT","PC_LF","M","2020-04",7.8,"","4/3/2020","LI","EURO",1,77,0,0,2.801541,3.56946e-07,2.74849e-05,0,0,NA
"22","Q1.2020","Luxembourg","LUX","HUR","TOT","PC_LF","M","2020-04",7.4,"","4/3/2020","LU","EURO",168,2487,1,30,0.60795,0.000276339,0.004090797,1.64487e-06,4.93462e-05,"66,074"
"23","Q1.2020","Mexico","MEX","HUR","TOT","PC_LF","M","2020-04",4.801267,"","4/3/2020","MX","AMRO",163,1378,8,37,125.327797,1.30059e-06,1.09952e-05,6.38326e-08,2.95226e-07,"2,344,547"
"24","Q1.2020","Netherlands","NLD","HUR","TOT","PC_LF","M","2020-04",3.4,"","4/3/2020","NL","EURO",1083,14543,155,1292,17.231622,6.28496e-05,0.000843972,8.99509e-06,7.49784e-05,"923,754"
"25","Q1.2020","Norway","NOR","HUR","TOT","PC_LF","M","2020-04",4.1,"","4/3/2020","NO","EURO",270,4935,10,42,5.311916,5.08291e-05,0.000929043,1.88256e-06,7.90675e-06,"330,901"
"26","Q1.2020","Poland","POL","HUR","TOT","PC_LF","M","2020-04",3.1,"","4/3/2020","PL","EURO",392,2946,14,57,38.413139,1.02048e-05,7.66925e-05,3.64459e-07,1.48387e-06,"1,222,948"
"27","Q1.2020","Portugal","PRT","HUR","TOT","PC_LF","M","2020-04",6.3,"","4/3/2020","PT","EURO",783,9034,22,209,10.283822,7.6139e-05,0.000878467,2.13928e-06,2.03232e-05,"330,355"
"28","Q1.2020","Republic of Korea","KOR","HUR","TOT","PC_LF","M","2020-04",3.8,"","4/3/2020","KR","WPRO",86,10062,5,174,51.635256,1.66553e-06,0.000194867,9.68331e-08,3.36979e-06,"2,158,901"
"29","Q1.2020","Slovakia","SVK","HUR","TOT","PC_LF","M","2020-04",6.6,"","4/3/2020","SK","EURO",37,400,0,0,5.446771,6.79302e-06,7.3438e-05,0,0,"173,352"
"30","Q1.2020","Slovenia","SVN","HUR","TOT","PC_LF","M","2020-04",5.3,"","4/3/2020","SI","EURO",55,897,1,20,2.07005,2.65694e-05,0.000433323,4.8308e-07,9.6616e-06,"73,154"
"31","Q1.2020","Spain","ESP","HUR","TOT","PC_LF","M","2020-04",15.2,"","4/3/2020","ES","EURO",7058,131421,895,11285,46.733038,0.000151028,0.002812165,1.91513e-05,0.000241478,"1,711,635"
"32","Q1.2020","Sweden","SWE","HUR","TOT","PC_LF","M","2020-04",7.9,"","4/3/2020","SE","EURO",486,5320,53,385,10.175214,4.77631e-05,0.000522839,5.20874e-06,3.7837e-05,"524,146"
"33","Q1.2020","The United Kingdom","GBR","HUR","TOT","PC_LF","M","2020-04",4.054801,"","4/3/2020","GB","EURO",4913,43385,657,3782,66.43555,7.39514e-05,0.000653039,9.88928e-06,5.69274e-05,"2,869,775"
"34","Q1.2020","Turkey","TUR","HUR","TOT","PC_LF","M","2020-04",13.6,"","4/3/2020","TR","EURO",2456,18135,79,356,81.407211,3.01693e-05,0.000222769,9.7043e-07,4.37308e-06,"2,390,954"
"35","Q1.2020","United States of America","USA","HUR","TOT","PC_LF","M","2020-04",14.8,"","4/3/2020","US","AMRO",26298,213600,947,4793,327.167434,8.03809e-05,0.000652877,2.89454e-06,1.465e-05,"19,889,983"
"36","Q2.2020","Australia","AUS","HUR","TOT","PC_LF","M","2020-07",7.480891,"","7/3/2020","AU","WPRO",81,8001,0,104,24.99286,3.24093e-06,0.000320131,0,4.16119e-06,"1,147,260"
"37","Q2.2020","Austria","AUT","HUR","TOT","PC_LF","M","2020-07",5.8,"","7/3/2020","AT","EURO",138,17952,0,705,8.837707,1.56149e-05,0.002031296,0,7.97718e-05,"401,506"
"38","Q2.2020","Belgium","BEL","HUR","TOT","PC_LF","M","2020-07",5.9,"","7/3/2020","BE","EURO",93,62306,5,9631,11.40374,8.15522e-06,0.005463646,4.38453e-07,0.000844547,"476,577"
"39","Q2.2020","Canada","CAN","HUR","TOT","PC_LF","M","2020-07",10.9,"","7/3/2020","CA","AMRO",0,104204,0,8591,37.058856,0,0.002811852,0,0.00023182,"1,515,527"
"40","Q2.2020","Chile","CHL","HUR","TOT","PC_LF","M","2020-07",12.26392,"","7/3/2020","CL","AMRO",2498,284541,167,5920,18.751405,0.000133217,0.015174383,8.906e-06,0.00031571,"383,115"
"41","Q2.2020","Colombia","COL","HUR","TOT","PC_LF","M","2020-07",19.43816,"","7/3/2020","CO","AMRO",4163,102009,136,3470,49.83424,8.35369e-05,0.002046966,2.72905e-06,6.96308e-05,"577,711"
"42","Q2.2020","Czechia","CZE","HUR","TOT","PC_LF","M","2020-07",2.7,"","7/3/2020","CZ","EURO",132,12178,2,351,10.62643,1.24219e-05,0.00114601,1.8821e-07,3.30308e-05,"362,709"
"43","Q2.2020","Denmark","DNK","HUR","TOT","PC_LF","M","2020-07",6.3,"","7/3/2020","DK","EURO",21,12815,0,606,5.789957,3.62697e-06,0.002213315,0,0.000104664,"286,100"
"44","Q2.2020","Estonia","EST","HUR","TOT","PC_LF","M","2020-07",7.8,"","7/3/2020","EE","EURO",1,1990,0,63,1.321977,7.56443e-07,0.001505321,0,4.76559e-05,"43,344"
"45","Q2.2020","Finland","FIN","HUR","TOT","PC_LF","M","2020-07",8.6,"","7/3/2020","FI","EURO",5,7241,0,328,5.515525,9.06532e-07,0.00131284,0,5.94685e-05,"239,219"
"46","Q2.2020","France","FRA","HUR","TOT","PC_LF","M","2020-07",9.4,"","7/3/2020","FR","EURO",480,158286,14,29791,66.941698,7.17042e-06,0.002364535,2.09137e-07,0.000445029,"2,361,420"
"47","Q2.2020","Germany","DEU","HUR","TOT","PC_LF","M","2020-07",4.4,"","7/3/2020","DE","EURO",446,195674,9,9003,82.914191,5.37906e-06,0.002359958,1.08546e-07,0.000108582,"3,682,481"
"48","Q2.2020","Greece","GRC","HUR","TOT","PC_LF","M","2020-07",16.7,"","7/3/2020","GR","EURO",26,3458,0,192,10.725886,2.42404e-06,0.000322398,0,1.79006e-05,"258,719"
"49","Q2.2020","Hungary","HUN","HUR","TOT","PC_LF","M","2020-07",4.6,"","7/3/2020","HU","EURO",9,4166,1,587,9.7676,9.21414e-07,0.000426512,1.02379e-07,6.00966e-05,"266,738"
"50","Q2.2020","Iceland","ISL","HUR","TOT","PC_LF","M","2020-07",5.3,"","7/3/2020","IS","EURO",5,1830,0,10,0.352722,1.41755e-05,0.005188222,0,2.83509e-05,"16,975"
"51","Q2.2020","Ireland","IRL","HUR","TOT","PC_LF","M","2020-07",6.2,"","7/3/2020","IE","EURO",12,25489,0,1738,4.857015,2.47065e-06,0.005247873,0,0.000357833,"404,491"
"52","Q2.2020","Israel","ISR","HUR","TOT","PC_LF","M","2020-07",4.661653,"","7/3/2020","IL","EURO",972,26421,3,330,8.872943,0.000109547,0.002977704,3.38107e-07,3.71917e-05,"312,098"
"53","Q2.2020","Italy","ITA","HUR","TOT","PC_LF","M","2020-07",9.7,"","7/3/2020","IT","EURO",201,240961,30,34818,60.421797,3.32661e-06,0.003987981,4.9651e-07,0.000576249,"1,915,990"
"54","Q2.2020","Japan","JPN","HUR","TOT","PC_LF","M","2020-07",2.9,"","7/3/2020","JP","WPRO",194,19068,1,976,126.44318,1.53429e-06,0.000150803,7.90869e-09,7.71888e-06,"4,835,620"
"55","Q2.2020","Latvia","LVA","HUR","TOT","PC_LF","M","2020-07",8.8,"","7/3/2020","LV","EURO",1,1122,0,30,1.92717,5.18896e-07,0.000582201,0,1.55669e-05,"50,577"
"56","Q2.2020","Liechtenstein","LTU","HUR","TOT","PC_LF","M","2020-07",9.6,"","7/3/2020","LI","EURO",0,84,0,1,2.801541,0,2.99835e-05,0,3.56946e-07,NA
"57","Q2.2020","Luxembourg","LUX","HUR","TOT","PC_LF","M","2020-07",7.2,"","7/3/2020","LU","EURO",50,4395,0,110,0.60795,8.22436e-05,0.007229213,0,0.000180936,"61,178"
"58","Q2.2020","Mexico","MEX","HUR","TOT","PC_LF","M","2020-07",5.120639,"","7/3/2020","MX","AMRO",5681,231770,741,28510,125.327797,4.53291e-05,0.00184931,5.9125e-06,0.000227483,"1,947,124"
"59","Q2.2020","Netherlands","NLD","HUR","TOT","PC_LF","M","2020-07",4.5,"","7/3/2020","NL","EURO",75,50196,3,6092,17.231622,4.35246e-06,0.002913017,1.74099e-07,0.000353536,"844,846"
"60","Q2.2020","Norway","NOR","HUR","TOT","PC_LF","M","2020-07",5.2,"","7/3/2020","NO","EURO",8,8895,0,251,5.311916,1.50605e-06,0.001674537,0,4.72523e-05,"315,681"
"61","Q2.2020","Poland","POL","HUR","TOT","PC_LF","M","2020-07",3.4,"","7/3/2020","PL","EURO",371,35146,15,1492,38.413139,9.65815e-06,0.000914947,3.90491e-07,3.88409e-05,"1,112,875"
"62","Q2.2020","Portugal","PRT","HUR","TOT","PC_LF","M","2020-07",7.9,"","7/3/2020","PT","EURO",328,42782,8,1587,10.283822,3.18948e-05,0.004160126,7.77921e-07,0.00015432,"284,385"
"63","Q2.2020","Republic of Korea","KOR","HUR","TOT","PC_LF","M","2020-07",4.1,"","7/3/2020","KR","WPRO",61,12965,0,282,51.635256,1.18136e-06,0.000251088,0,5.46138e-06,"2,090,813"
"64","Q2.2020","Slovakia","SVK","HUR","TOT","PC_LF","M","2020-07",7.1,"","7/3/2020","SK","EURO",20,1687,0,28,5.446771,3.6719e-06,0.000309725,0,5.14066e-06,"158,962"
"65","Q2.2020","Slovenia","SVN","HUR","TOT","PC_LF","M","2020-07",5.2,"","7/3/2020","SI","EURO",21,1633,0,114,2.07005,1.01447e-05,0.00078887,0,5.50711e-05,"65,994"
"66","Q2.2020","Spain","ESP","HUR","TOT","PC_LF","M","2020-07",16.4,"","7/3/2020","ES","EURO",521,260017,10,29765,46.733038,1.11484e-05,0.00556388,2.13981e-07,0.000636916,"1,405,614"
"67","Q2.2020","Sweden","SWE","HUR","TOT","PC_LF","M","2020-07",9.1,"","7/3/2020","SE","EURO",685,68551,15,5529,10.175214,6.73205e-05,0.006737057,1.47417e-06,0.000543379,"482,477"
"68","Q2.2020","The United Kingdom","GBR","HUR","TOT","PC_LF","M","2020-07",4.462407,"","7/3/2020","GB","EURO",651,285543,41,40532,66.43555,9.79897e-06,0.004298045,6.17139e-07,0.000610095,"2,323,388"
"69","Q2.2020","Turkey","TUR","HUR","TOT","PC_LF","M","2020-07",13.8,"","7/3/2020","TR","EURO",1186,202284,17,5167,81.407211,1.45687e-05,0.002484841,2.08827e-07,6.3471e-05,"2,133,117"
"70","Q2.2020","United States of America","USA","HUR","TOT","PC_LF","M","2020-07",10.2,"","7/3/2020","US","AMRO",54271,2671220,725,127858,327.167434,0.000165881,0.008164688,2.21599e-06,0.000390803,"18,102,646"
"71","Q3.2020","Australia","AUS","HUR","TOT","PC_LF","M","2020-10",6.987514,"","10/3/2020","AU","WPRO",17,27113,2,890,24.99286,6.80194e-07,0.00108483,8.00229e-08,3.56102e-05,"1,185,442"
"72","Q3.2020","Austria","AUT","HUR","TOT","PC_LF","M","2020-10",5.4,"","10/3/2020","AT","EURO",872,47189,1,803,8.837707,9.86681e-05,0.005339507,1.13152e-07,9.08607e-05,"449,546"
"73","Q3.2020","Belgium","BEL","HUR","TOT","PC_LF","M","2020-10",6.3,"","10/3/2020","BE","EURO",3721,132825,11,10037,11.40374,0.000326296,0.011647495,9.64596e-07,0.00088015,"532,052"
"74","Q3.2020","Canada","CAN","HUR","TOT","PC_LF","M","2020-10",9,"","10/3/2020","CA","AMRO",1777,160535,22,9319,37.058856,4.79508e-05,0.004331893,5.9365e-07,0.000251465,"1,650,028"
"75","Q3.2020","Chile","CHL","HUR","TOT","PC_LF","M","2020-10",11.17528,"","10/3/2020","CL","AMRO",1840,466590,45,12867,18.751405,9.8126e-05,0.024882935,2.39982e-06,0.000686189,"403,125"
"76","Q3.2020","Colombia","COL","HUR","TOT","PC_LF","M","2020-10",16.05399,"","10/3/2020","CO","AMRO",5660,835339,198,26196,49.83424,0.000113577,0.016762351,3.97317e-06,0.000525663,"631,906"
"77","Q3.2020","Czechia","CZE","HUR","TOT","PC_LF","M","2020-10",2.8,"","10/3/2020","CZ","EURO",3796,78051,21,699,10.62643,0.000357223,0.007344988,1.9762e-06,6.57794e-05,"387,876"
"78","Q3.2020","Denmark","DNK","HUR","TOT","PC_LF","M","2020-10",5.9,"","10/3/2020","DK","EURO",536,28932,1,652,5.789957,9.25741e-05,0.004996928,1.72713e-07,0.000112609,"301,042"
"79","Q3.2020","Estonia","EST","HUR","TOT","PC_LF","M","2020-10",8.1,"","10/3/2020","EE","EURO",57,3507,1,66,1.321977,4.31172e-05,0.002652845,7.56443e-07,4.99252e-05,"44,756"
"80","Q3.2020","Finland","FIN","HUR","TOT","PC_LF","M","2020-10",8.2,"","10/3/2020","FI","EURO",101,10204,1,345,5.515525,1.83119e-05,0.001850051,1.81306e-07,6.25507e-05,"246,765"
"81","Q3.2020","France","FRA","HUR","TOT","PC_LF","M","2020-10",8.6,"","10/3/2020","FR","EURO",11543,563796,118,31926,66.941698,0.000172434,0.008422194,1.76273e-06,0.000476922,"2,798,512"
"82","Q3.2020","Germany","DEU","HUR","TOT","PC_LF","M","2020-10",4.5,"","10/3/2020","DE","EURO",2563,296958,19,9527,82.914191,3.09115e-05,0.00358151,2.29153e-07,0.000114902,"3,995,933"
"83","Q3.2020","Greece","GRC","HUR","TOT","PC_LF","M","2020-10",16.7,"","10/3/2020","GR","EURO",460,19346,5,398,10.725886,4.28869e-05,0.001803674,4.66162e-07,3.71065e-05,"264,644"
"84","Q3.2020","Hungary","HUN","HUR","TOT","PC_LF","M","2020-10",4.5,"","10/3/2020","HU","EURO",1086,29717,14,812,9.7676,0.000111184,0.003042406,1.43331e-06,8.3132e-05,"297,105"
"85","Q3.2020","Iceland","ISL","HUR","TOT","PC_LF","M","2020-10",5.9,"","10/3/2020","IS","EURO",40,2809,0,10,0.352722,0.000113404,0.007963779,0,2.83509e-05,"17,414"
"86","Q3.2020","Ireland","IRL","HUR","TOT","PC_LF","M","2020-10",7.1,"","10/3/2020","IE","EURO",466,37063,-5,1801,4.857015,9.59437e-05,0.007630819,-1.02944e-06,0.000370804,"449,200"
"87","Q3.2020","Israel","ISR","HUR","TOT","PC_LF","M","2020-10",4.688548,"","10/3/2020","IL","EURO",7730,255149,46,1651,8.872943,0.000871188,0.028755848,5.1843e-06,0.000186071,"340,401"
"88","Q3.2020","Italy","ITA","HUR","TOT","PC_LF","M","2020-10",9.5,"","10/3/2020","IT","EURO",2499,319908,23,35941,60.421797,4.13592e-05,0.005294579,3.80657e-07,0.000594835,"2,221,904"
"89","Q3.2020","Japan","JPN","HUR","TOT","PC_LF","M","2020-10",3.1,"","10/3/2020","JP","WPRO",553,84768,12,1590,126.44318,4.37351e-06,0.000670404,9.49043e-08,1.25748e-05,"5,089,803"
"90","Q3.2020","Latvia","LVA","HUR","TOT","PC_LF","M","2020-10",8.1,"","10/3/2020","LV","EURO",77,1945,1,38,1.92717,3.9955e-05,0.001009252,5.18896e-07,1.9718e-05,"54,184"
"91","Q3.2020","Liechtenstein","LTU","HUR","TOT","PC_LF","M","2020-10",10.4,"","10/3/2020","LI","EURO",3,125,0,1,2.801541,1.07084e-06,4.46183e-05,0,3.56946e-07,NA
"92","Q3.2020","Luxembourg","LUX","HUR","TOT","PC_LF","M","2020-10",6.5,"","10/3/2020","LU","EURO",114,8709,0,125,0.60795,0.000187515,0.014325191,0,0.000205609,"67,200"
"93","Q3.2020","Mexico","MEX","HUR","TOT","PC_LF","M","2020-10",4.60241,"","10/3/2020","MX","AMRO",5099,748315,432,78078,125.327797,4.06853e-05,0.005970862,3.44696e-06,0.00062299,"2,183,080"
"94","Q3.2020","Netherlands","NLD","HUR","TOT","PC_LF","M","2020-10",4.3,"","10/3/2020","NL","EURO",3804,127659,9,6427,17.231622,0.000220757,0.007408415,5.22296e-07,0.000372977,"910,341"
"95","Q3.2020","Norway","NOR","HUR","TOT","PC_LF","M","2020-10",5.2,"","10/3/2020","NO","EURO",122,14149,1,275,5.311916,2.29672e-05,0.002663634,1.88256e-07,5.17704e-05,"329,756"
"96","Q3.2020","Poland","POL","HUR","TOT","PC_LF","M","2020-10",3.4,"","10/3/2020","PL","EURO",2292,95773,27,2570,38.413139,5.96671e-05,0.002493235,7.02885e-07,6.69042e-05,"1,200,550"
"97","Q3.2020","Portugal","PRT","HUR","TOT","PC_LF","M","2020-10",7.5,"","10/3/2020","PT","EURO",888,77284,6,1983,10.283822,8.63492e-05,0.007515105,5.83441e-07,0.000192827,"322,072"
"98","Q3.2020","Republic of Korea","KOR","HUR","TOT","PC_LF","M","2020-10",4.2,"","10/3/2020","KR","WPRO",75,24027,4,420,51.635256,1.4525e-06,0.000465322,7.74665e-08,8.13398e-06,"2,135,476"
"99","Q3.2020","Slovakia","SVK","HUR","TOT","PC_LF","M","2020-10",7.1,"","10/3/2020","SK","EURO",797,10938,0,48,5.446771,0.000146325,0.002008162,0,8.81256e-06,"177,468"
"100","Q3.2020","Slovenia","SVN","HUR","TOT","PC_LF","M","2020-10",4.9,"","10/3/2020","SI","EURO",239,6105,2,159,2.07005,0.000115456,0.002949204,9.6616e-07,7.68097e-05,"74,181"
"101","Q3.2020","Spain","ESP","HUR","TOT","PC_LF","M","2020-10",16.3,"","10/3/2020","ES","EURO",11354,842863,131,34269,46.733038,0.000242954,0.018035699,2.80316e-06,0.000733293,"1,636,309"
"102","Q3.2020","Sweden","SWE","HUR","TOT","PC_LF","M","2020-10",8.6,"","10/3/2020","SE","EURO",633,94473,1,5884,10.175214,6.221e-05,0.00928462,9.8278e-08,0.000578268,"506,264"
"103","Q3.2020","The United Kingdom","GBR","HUR","TOT","PC_LF","M","2020-10",5.038247,"","10/3/2020","GB","EURO",6968,467150,66,42268,66.43555,0.000104884,0.007031627,9.93444e-07,0.000636226,"2,698,195"
"104","Q3.2020","Turkey","TUR","HUR","TOT","PC_LF","M","2020-10",12.9,"","10/3/2020","TR","EURO",8172,772422,63,8325,81.407211,0.000100384,0.009488373,7.73887e-07,0.000102264,"2,465,122"
"105","Q3.2020","United States of America","USA","HUR","TOT","PC_LF","M","2020-10",6.9,"","10/3/2020","US","AMRO",46293,7206769,892,206558,327.167434,0.000141496,0.02202777,2.72643e-06,0.000631353,"19,456,496"
"106","Q4.2019","Australia","AUS","HUR","TOT","PC_LF","M","2020-01",5.264596,"","1/3/2020","AU","WPRO",0,0,0,0,24.99286,0,0,0,0,"1,237,433"
"107","Q4.2019","Austria","AUT","HUR","TOT","PC_LF","M","2020-01",4.4,"","1/3/2020","AT","EURO",0,0,0,0,8.837707,0,0,0,0,"466,947"
"108","Q4.2019","Belgium","BEL","HUR","TOT","PC_LF","M","2020-01",5.1,"","1/3/2020","BE","EURO",0,0,0,0,11.40374,0,0,0,0,"559,563"
"109","Q4.2019","Canada","CAN","HUR","TOT","PC_LF","M","2020-01",5.6,"","1/3/2020","CA","AMRO",0,0,0,0,37.058856,0,0,0,0,"1,741,488"
"110","Q4.2019","Chile","CHL","HUR","TOT","PC_LF","M","2020-01",8.117333,"","1/3/2020","CL","AMRO",0,0,0,0,18.751405,0,0,0,0,"429,980"
"111","Q4.2019","Colombia","COL","HUR","TOT","PC_LF","M","2020-01",10.59648,"","1/3/2020","CO","AMRO",0,0,0,0,49.83424,0,0,0,0,"694,493"
"112","Q4.2019","Czechia","CZE","HUR","TOT","PC_LF","M","2020-01",2,"","1/3/2020","CZ","EURO",0,0,0,0,10.62643,0,0,0,0,"409,939"
"113","Q4.2019","Denmark","DNK","HUR","TOT","PC_LF","M","2020-01",5,"","1/3/2020","DK","EURO",0,0,0,0,5.789957,0,0,0,0,"312,605"
"114","Q4.2019","Estonia","EST","HUR","TOT","PC_LF","M","2020-01",4.7,"","1/3/2020","EE","EURO",0,0,0,0,1.321977,0,0,0,0,"46,243"
"115","Q4.2019","Finland","FIN","HUR","TOT","PC_LF","M","2020-01",6.9,"","1/3/2020","FI","EURO",0,0,0,0,5.515525,0,0,0,0,"252,718"
"116","Q4.2019","France","FRA","HUR","TOT","PC_LF","M","2020-01",7.7,"","1/3/2020","FR","EURO",0,0,0,0,66.941698,0,0,0,0,"2,906,402"
"117","Q4.2019","Germany","DEU","HUR","TOT","PC_LF","M","2020-01",3.4,"","1/3/2020","DE","EURO",0,0,0,0,82.914191,0,0,0,0,"4,161,415"
"118","Q4.2019","Greece","GRC","HUR","TOT","PC_LF","M","2020-01",16.4,"","1/3/2020","GR","EURO",0,0,0,0,10.725886,0,0,0,0,"300,964"
"119","Q4.2019","Hungary","HUN","HUR","TOT","PC_LF","M","2020-01",3.4,"","1/3/2020","HU","EURO",0,0,0,0,9.7676,0,0,0,0,"313,378"
"120","Q4.2019","Iceland","ISL","HUR","TOT","PC_LF","M","2020-01",4.1,"","1/3/2020","IS","EURO",0,0,0,0,0.352722,0,0,0,0,"19,821"
"121","Q4.2019","Ireland","IRL","HUR","TOT","PC_LF","M","2020-01",4.9,"","1/3/2020","IE","EURO",0,0,0,0,4.857015,0,0,0,0,"433,142"
"122","Q4.2019","Israel","ISR","HUR","TOT","PC_LF","M","2020-01",3.644195,"","1/3/2020","IL","EURO",0,0,0,0,8.872943,0,0,0,0,"347,072"
"123","Q4.2019","Italy","ITA","HUR","TOT","PC_LF","M","2020-01",9.6,"","1/3/2020","IT","EURO",0,0,0,0,60.421797,0,0,0,0,"2,332,359"
"124","Q4.2019","Japan","JPN","HUR","TOT","PC_LF","M","2020-01",2.4,"","1/3/2020","JP","WPRO",0,0,0,0,126.44318,0,0,0,0,"5,303,314"
"125","Q4.2019","Latvia","LVA","HUR","TOT","PC_LF","M","2020-01",7,"","1/3/2020","LV","EURO",0,0,0,0,1.92717,0,0,0,0,"55,692"
"126","Q4.2019","Liechtenstein","LTU","HUR","TOT","PC_LF","M","2020-01",6.1,"","1/3/2020","LI","EURO",0,0,0,0,2.801541,0,0,0,0,NA
"127","Q4.2019","Luxembourg","LUX","HUR","TOT","PC_LF","M","2020-01",5.7,"","1/3/2020","LU","EURO",0,0,0,0,0.60795,0,0,0,0,"67,051"
"128","Q4.2019","Mexico","MEX","HUR","TOT","PC_LF","M","2020-01",3.656332,"","1/3/2020","MX","AMRO",0,0,0,0,125.327797,0,0,0,0,"2,373,925"
"129","Q4.2019","Netherlands","NLD","HUR","TOT","PC_LF","M","2020-01",3,"","1/3/2020","NL","EURO",0,0,0,0,17.231622,0,0,0,0,"937,769"
"130","Q4.2019","Norway","NOR","HUR","TOT","PC_LF","M","2020-01",3.7,"","1/3/2020","NO","EURO",0,0,0,0,5.311916,0,0,0,0,"335,678"
"131","Q4.2019","Poland","POL","HUR","TOT","PC_LF","M","2020-01",3,"","1/3/2020","PL","EURO",0,0,0,0,38.413139,0,0,0,0,"1,226,149"
"132","Q4.2019","Portugal","PRT","HUR","TOT","PC_LF","M","2020-01",6.8,"","1/3/2020","PT","EURO",0,0,0,0,10.283822,0,0,0,0,"343,962"
"133","Q4.2019","Republic of Korea","KOR","HUR","TOT","PC_LF","M","2020-01",3.9,"","1/3/2020","KR","WPRO",0,0,0,0,51.635256,0,0,0,0,"2,186,931"
"134","Q4.2019","Slovakia","SVK","HUR","TOT","PC_LF","M","2020-01",6,"","1/3/2020","SK","EURO",0,0,0,0,5.446771,0,0,0,0,"182,626"
"135","Q4.2019","Slovenia","SVN","HUR","TOT","PC_LF","M","2020-01",4.1,"","1/3/2020","SI","EURO",0,0,0,0,2.07005,0,0,0,0,"76,730"
"136","Q4.2019","Spain","ESP","HUR","TOT","PC_LF","M","2020-01",13.8,"","1/3/2020","ES","EURO",0,0,0,0,46.733038,0,0,0,0,"1,806,481"
"137","Q4.2019","Sweden","SWE","HUR","TOT","PC_LF","M","2020-01",7.2,"","1/3/2020","SE","EURO",0,0,0,0,10.175214,0,0,0,0,"522,411"
"138","Q4.2019","The United Kingdom","GBR","HUR","TOT","PC_LF","M","2020-01",3.961213,"","1/3/2020","GB","EURO",0,0,0,0,66.43555,0,0,0,0,"2,954,951"
"139","Q4.2019","Turkey","TUR","HUR","TOT","PC_LF","M","2020-01",12.6,"","1/3/2020","TR","EURO",0,0,0,0,81.407211,0,0,0,0,"2,386,692"
"140","Q4.2019","United States of America","USA","HUR","TOT","PC_LF","M","2020-01",3.5,"","1/3/2020","US","AMRO",0,0,0,0,327.167434,0,0,0,0,"20,144,337"
